image,label,frame,source,condition,severity,seed
clean/images/000.jpg,clean/labels/000.png,000,2022-07-22_flight__0078_1658494246011438339,clean,0,
degraded/dust/s1/images/000.jpg,degraded/dust/s1/labels/000.png,000,2022-07-22_flight__0078_1658494246011438339,dust,1,3487299719
degraded/dust/s2/images/000.jpg,degraded/dust/s2/labels/000.png,000,2022-07-22_flight__0078_1658494246011438339,dust,2,4027614738
degraded/dust/s3/images/000.jpg,degraded/dust/s3/labels/000.png,000,2022-07-22_flight__0078_1658494246011438339,dust,3,1401335390
degraded/night/s1/images/000.jpg,degraded/night/s1/labels/000.png,000,2022-07-22_flight__0078_1658494246011438339,night,1,3673954339
degraded/night/s2/images/000.jpg,degraded/night/s2/labels/000.png,000,2022-07-22_flight__0078_1658494246011438339,night,2,3845613238
degraded/night/s3/images/000.jpg,degraded/night/s3/labels/000.png,000,2022-07-22_flight__0078_1658494246011438339,night,3,1184976634
degraded/fog/s1/images/000.jpg,degraded/fog/s1/labels/000.png,000,2022-07-22_flight__0078_1658494246011438339,fog,1,4054972479
degraded/fog/s2/images/000.jpg,degraded/fog/s2/labels/000.png,000,2022-07-22_flight__0078_1658494246011438339,fog,2,3464136362
degraded/fog/s3/images/000.jpg,degraded/fog/s3/labels/000.png,000,2022-07-22_flight__0078_1658494246011438339,fog,3,1844227814
degraded/lens_rain/s1/images/000.jpg,degraded/lens_rain/s1/labels/000.png,000,2022-07-22_flight__0078_1658494246011438339,lens_rain,1,1132801492
degraded/lens_rain/s2/images/000.jpg,degraded/lens_rain/s2/labels/000.png,000,2022-07-22_flight__0078_1658494246011438339,lens_rain,2,2085507905
degraded/lens_rain/s3/images/000.jpg,degraded/lens_rain/s3/labels/000.png,000,2022-07-22_flight__0078_1658494246011438339,lens_rain,3,3755506445
degraded/mud_splatter/s1/images/000.jpg,degraded/mud_splatter/s1/labels/000.png,000,2022-07-22_flight__0078_1658494246011438339,mud_splatter,1,1892766617
degraded/mud_splatter/s2/images/000.jpg,degraded/mud_splatter/s2/labels/000.png,000,2022-07-22_flight__0078_1658494246011438339,mud_splatter,2,1327115532
degraded/mud_splatter/s3/images/000.jpg,degraded/mud_splatter/s3/labels/000.png,000,2022-07-22_flight__0078_1658494246011438339,mud_splatter,3,3968599360
clean/images/001.jpg,clean/labels/001.png,001,2022-07-22_flight__0231_1658494742658208989,clean,0,
degraded/dust/s1/images/001.jpg,degraded/dust/s1/labels/001.png,001,2022-07-22_flight__0231_1658494742658208989,dust,1,1222513311
degraded/dust/s2/images/001.jpg,degraded/dust/s2/labels/001.png,001,2022-07-22_flight__0231_1658494742658208989,dust,2,1997892618
degraded/dust/s3/images/001.jpg,degraded/dust/s3/labels/001.png,001,2022-07-22_flight__0231_1658494742658208989,dust,3,3565372486
degraded/night/s1/images/001.jpg,degraded/night/s1/labels/001.png,001,2022-07-22_flight__0231_1658494742658208989,night,1,1576661563
degraded/night/s2/images/001.jpg,degraded/night/s2/labels/001.png,001,2022-07-22_flight__0231_1658494742658208989,night,2,1647479982
degraded/night/s3/images/001.jpg,degraded/night/s3/labels/001.png,001,2022-07-22_flight__0231_1658494742658208989,night,3,3248792802
degraded/fog/s1/images/001.jpg,degraded/fog/s1/labels/001.png,001,2022-07-22_flight__0231_1658494742658208989,fog,1,1991512615
degraded/fog/s2/images/001.jpg,degraded/fog/s2/labels/001.png,001,2022-07-22_flight__0231_1658494742658208989,fog,2,1233087666
degraded/fog/s3/images/001.jpg,degraded/fog/s3/labels/001.png,001,2022-07-22_flight__0231_1658494742658208989,fog,3,3941156094
degraded/lens_rain/s1/images/001.jpg,degraded/lens_rain/s1/labels/001.png,001,2022-07-22_flight__0231_1658494742658208989,lens_rain,1,3296774092
degraded/lens_rain/s2/images/001.jpg,degraded/lens_rain/s2/labels/001.png,001,2022-07-22_flight__0231_1658494742658208989,lens_rain,2,4216043865
degraded/lens_rain/s3/images/001.jpg,degraded/lens_rain/s3/labels/001.png,001,2022-07-22_flight__0231_1658494742658208989,lens_rain,3,1490915605
degraded/mud_splatter/s1/images/001.jpg,degraded/mud_splatter/s1/labels/001.png,001,2022-07-22_flight__0231_1658494742658208989,mud_splatter,1,4157913473
degraded/mud_splatter/s2/images/001.jpg,degraded/mud_splatter/s2/labels/001.png,001,2022-07-22_flight__0231_1658494742658208989,mud_splatter,2,3357525780
degraded/mud_splatter/s3/images/001.jpg,degraded/mud_splatter/s3/labels/001.png,001,2022-07-22_flight__0231_1658494742658208989,mud_splatter,3,1804201816
clean/images/002.jpg,clean/labels/002.png,002,2022-08-30_siegertsbrunn_feldwege__0560_1661860746676777290,clean,0,
degraded/dust/s1/images/002.jpg,degraded/dust/s1/labels/002.png,002,2022-08-30_siegertsbrunn_feldwege__0560_1661860746676777290,dust,1,1874896999
degraded/dust/s2/images/002.jpg,degraded/dust/s2/labels/002.png,002,2022-08-30_siegertsbrunn_feldwege__0560_1661860746676777290,dust,2,3919019814
degraded/dust/s3/images/002.jpg,degraded/dust/s3/labels/002.png,002,2022-08-30_siegertsbrunn_feldwege__0560_1661860746676777290,dust,3,2488939033
degraded/night/s1/images/002.jpg,degraded/night/s1/labels/002.png,002,2022-08-30_siegertsbrunn_feldwege__0560_1661860746676777290,night,1,4245356768
degraded/night/s2/images/002.jpg,degraded/night/s2/labels/002.png,002,2022-08-30_siegertsbrunn_feldwege__0560_1661860746676777290,night,2,2069682081
degraded/night/s3/images/002.jpg,degraded/night/s3/labels/002.png,002,2022-08-30_siegertsbrunn_feldwege__0560_1661860746676777290,night,3,110205598
degraded/fog/s1/images/002.jpg,degraded/fog/s1/labels/002.png,002,2022-08-30_siegertsbrunn_feldwege__0560_1661860746676777290,fog,1,306391826
degraded/fog/s2/images/002.jpg,degraded/fog/s2/labels/002.png,002,2022-08-30_siegertsbrunn_feldwege__0560_1661860746676777290,fog,2,2484403283
degraded/fog/s3/images/002.jpg,degraded/fog/s3/labels/002.png,002,2022-08-30_siegertsbrunn_feldwege__0560_1661860746676777290,fog,3,3923358060
degraded/lens_rain/s1/images/002.jpg,degraded/lens_rain/s1/labels/002.png,002,2022-08-30_siegertsbrunn_feldwege__0560_1661860746676777290,lens_rain,1,2877848578
degraded/lens_rain/s2/images/002.jpg,degraded/lens_rain/s2/labels/002.png,002,2022-08-30_siegertsbrunn_feldwege__0560_1661860746676777290,lens_rain,2,769633091
degraded/lens_rain/s3/images/002.jpg,degraded/lens_rain/s3/labels/002.png,002,2022-08-30_siegertsbrunn_feldwege__0560_1661860746676777290,lens_rain,3,1343415932
degraded/mud_splatter/s1/images/002.jpg,degraded/mud_splatter/s1/labels/002.png,002,2022-08-30_siegertsbrunn_feldwege__0560_1661860746676777290,mud_splatter,1,3817328415
degraded/mud_splatter/s2/images/002.jpg,degraded/mud_splatter/s2/labels/002.png,002,2022-08-30_siegertsbrunn_feldwege__0560_1661860746676777290,mud_splatter,2,1708136542
degraded/mud_splatter/s3/images/002.jpg,degraded/mud_splatter/s3/labels/002.png,002,2022-08-30_siegertsbrunn_feldwege__0560_1661860746676777290,mud_splatter,3,404575585
clean/images/003.jpg,clean/labels/003.png,003,2022-09-21_garching_uebungsplatz_2__0012_1663755245785723659,clean,0,
degraded/dust/s1/images/003.jpg,degraded/dust/s1/labels/003.png,003,2022-09-21_garching_uebungsplatz_2__0012_1663755245785723659,dust,1,3653744207
degraded/dust/s2/images/003.jpg,degraded/dust/s2/labels/003.png,003,2022-09-21_garching_uebungsplatz_2__0012_1663755245785723659,dust,2,3634008222
degraded/dust/s3/images/003.jpg,degraded/dust/s3/labels/003.png,003,2022-09-21_garching_uebungsplatz_2__0012_1663755245785723659,dust,3,1853976814
degraded/night/s1/images/003.jpg,degraded/night/s1/labels/003.png,003,2022-09-21_garching_uebungsplatz_2__0012_1663755245785723659,night,1,2861132644
degraded/night/s2/images/003.jpg,degraded/night/s2/labels/003.png,003,2022-09-21_garching_uebungsplatz_2__0012_1663755245785723659,night,2,2882817461
degraded/night/s3/images/003.jpg,degraded/night/s3/labels/003.png,003,2022-09-21_garching_uebungsplatz_2__0012_1663755245785723659,night,3,500149701
degraded/fog/s1/images/003.jpg,degraded/fog/s1/labels/003.png,003,2022-09-21_garching_uebungsplatz_2__0012_1663755245785723659,fog,1,4191531135
degraded/fog/s2/images/003.jpg,degraded/fog/s2/labels/003.png,003,2022-09-21_garching_uebungsplatz_2__0012_1663755245785723659,fog,2,4169701038
degraded/fog/s3/images/003.jpg,degraded/fog/s3/labels/003.png,003,2022-09-21_garching_uebungsplatz_2__0012_1663755245785723659,fog,3,1318287070
degraded/lens_rain/s1/images/003.jpg,degraded/lens_rain/s1/labels/003.png,003,2022-09-21_garching_uebungsplatz_2__0012_1663755245785723659,lens_rain,1,3839585100
degraded/lens_rain/s2/images/003.jpg,degraded/lens_rain/s2/labels/003.png,003,2022-09-21_garching_uebungsplatz_2__0012_1663755245785723659,lens_rain,2,3850784157
degraded/lens_rain/s3/images/003.jpg,degraded/lens_rain/s3/labels/003.png,003,2022-09-21_garching_uebungsplatz_2__0012_1663755245785723659,lens_rain,3,1402842605
degraded/mud_splatter/s1/images/003.jpg,degraded/mud_splatter/s1/labels/003.png,003,2022-09-21_garching_uebungsplatz_2__0012_1663755245785723659,mud_splatter,1,2274691110
degraded/mud_splatter/s2/images/003.jpg,degraded/mud_splatter/s2/labels/003.png,003,2022-09-21_garching_uebungsplatz_2__0012_1663755245785723659,mud_splatter,2,2261266167
degraded/mud_splatter/s3/images/003.jpg,degraded/mud_splatter/s3/labels/003.png,003,2022-09-21_garching_uebungsplatz_2__0012_1663755245785723659,mud_splatter,3,819187335
clean/images/004.jpg,clean/labels/004.png,004,2022-09-21_garching_uebungsplatz_2__0108_1663755909020589561,clean,0,
degraded/dust/s1/images/004.jpg,degraded/dust/s1/labels/004.png,004,2022-09-21_garching_uebungsplatz_2__0108_1663755909020589561,dust,1,2805032338
degraded/dust/s2/images/004.jpg,degraded/dust/s2/labels/004.png,004,2022-09-21_garching_uebungsplatz_2__0108_1663755909020589561,dust,2,2792112963
degraded/dust/s3/images/004.jpg,degraded/dust/s3/labels/004.png,004,2022-09-21_garching_uebungsplatz_2__0108_1663755909020589561,dust,3,276276019
degraded/night/s1/images/004.jpg,degraded/night/s1/labels/004.png,004,2022-09-21_garching_uebungsplatz_2__0108_1663755909020589561,night,1,3565140153
degraded/night/s2/images/004.jpg,degraded/night/s2/labels/004.png,004,2022-09-21_garching_uebungsplatz_2__0108_1663755909020589561,night,2,3575815784
degraded/night/s3/images/004.jpg,degraded/night/s3/labels/004.png,004,2022-09-21_garching_uebungsplatz_2__0108_1663755909020589561,night,3,1664712216
degraded/fog/s1/images/004.jpg,degraded/fog/s1/labels/004.png,004,2022-09-21_garching_uebungsplatz_2__0108_1663755909020589561,fog,1,2267243426
degraded/fog/s2/images/004.jpg,degraded/fog/s2/labels/004.png,004,2022-09-21_garching_uebungsplatz_2__0108_1663755909020589561,fog,2,2256422259
degraded/fog/s3/images/004.jpg,degraded/fog/s3/labels/004.png,004,2022-09-21_garching_uebungsplatz_2__0108_1663755909020589561,fog,3,811967747
degraded/lens_rain/s1/images/004.jpg,degraded/lens_rain/s1/labels/004.png,004,2022-09-21_garching_uebungsplatz_2__0108_1663755909020589561,lens_rain,1,2586687633
degraded/lens_rain/s2/images/004.jpg,degraded/lens_rain/s2/labels/004.png,004,2022-09-21_garching_uebungsplatz_2__0108_1663755909020589561,lens_rain,2,2607849024
degraded/lens_rain/s3/images/004.jpg,degraded/lens_rain/s3/labels/004.png,004,2022-09-21_garching_uebungsplatz_2__0108_1663755909020589561,lens_rain,3,762019376
degraded/mud_splatter/s1/images/004.jpg,degraded/mud_splatter/s1/labels/004.png,004,2022-09-21_garching_uebungsplatz_2__0108_1663755909020589561,mud_splatter,1,4184071163
degraded/mud_splatter/s2/images/004.jpg,degraded/mud_splatter/s2/labels/004.png,004,2022-09-21_garching_uebungsplatz_2__0108_1663755909020589561,mud_splatter,2,4164877610
degraded/mud_splatter/s3/images/004.jpg,degraded/mud_splatter/s3/labels/004.png,004,2022-09-21_garching_uebungsplatz_2__0108_1663755909020589561,mud_splatter,3,1311055194
clean/images/005.jpg,clean/labels/005.png,005,2022-12-07_aying_hills__0047_1670421370621698009,clean,0,
degraded/dust/s1/images/005.jpg,degraded/dust/s1/labels/005.png,005,2022-12-07_aying_hills__0047_1670421370621698009,dust,1,1109507188
degraded/dust/s2/images/005.jpg,degraded/dust/s2/labels/005.png,005,2022-12-07_aying_hills__0047_1670421370621698009,dust,2,352555046
degraded/dust/s3/images/005.jpg,degraded/dust/s3/labels/005.png,005,2022-12-07_aying_hills__0047_1670421370621698009,dust,3,2436008407
degraded/night/s1/images/005.jpg,degraded/night/s1/labels/005.png,005,2022-12-07_aying_hills__0047_1670421370621698009,night,1,458125931
degraded/night/s2/images/005.jpg,degraded/night/s2/labels/005.png,005,2022-12-07_aying_hills__0047_1670421370621698009,night,2,1282170425
degraded/night/s3/images/005.jpg,degraded/night/s3/labels/005.png,005,2022-12-07_aying_hills__0047_1670421370621698009,night,3,3361556424
degraded/fog/s1/images/005.jpg,degraded/fog/s1/labels/005.png,005,2022-12-07_aying_hills__0047_1670421370621698009,fog,1,1712564778
degraded/fog/s2/images/005.jpg,degraded/fog/s2/labels/005.png,005,2022-12-07_aying_hills__0047_1670421370621698009,fog,2,825329272
degraded/fog/s3/images/005.jpg,degraded/fog/s3/labels/005.png,005,2022-12-07_aying_hills__0047_1670421370621698009,fog,3,3036716937
degraded/lens_rain/s1/images/005.jpg,degraded/lens_rain/s1/labels/005.png,005,2022-12-07_aying_hills__0047_1670421370621698009,lens_rain,1,3708589113
degraded/lens_rain/s2/images/005.jpg,degraded/lens_rain/s2/labels/005.png,005,2022-12-07_aying_hills__0047_1670421370621698009,lens_rain,2,2318317675
degraded/lens_rain/s3/images/005.jpg,degraded/lens_rain/s3/labels/005.png,005,2022-12-07_aying_hills__0047_1670421370621698009,lens_rain,3,236954010
degraded/mud_splatter/s1/images/005.jpg,degraded/mud_splatter/s1/labels/005.png,005,2022-12-07_aying_hills__0047_1670421370621698009,mud_splatter,1,1766931506
degraded/mud_splatter/s2/images/005.jpg,degraded/mud_splatter/s2/labels/005.png,005,2022-12-07_aying_hills__0047_1670421370621698009,mud_splatter,2,1047728224
degraded/mud_splatter/s3/images/005.jpg,degraded/mud_splatter/s3/labels/005.png,005,2022-12-07_aying_hills__0047_1670421370621698009,mud_splatter,3,3124890001
clean/images/006.jpg,clean/labels/006.png,006,2023-01-20_aying_mangfall_2__0423_1674223398729869974,clean,0,
degraded/dust/s1/images/006.jpg,degraded/dust/s1/labels/006.png,006,2023-01-20_aying_mangfall_2__0423_1674223398729869974,dust,1,1637773200
degraded/dust/s2/images/006.jpg,degraded/dust/s2/labels/006.png,006,2023-01-20_aying_mangfall_2__0423_1674223398729869974,dust,2,127580832
degraded/dust/s3/images/006.jpg,degraded/dust/s3/labels/006.png,006,2023-01-20_aying_mangfall_2__0423_1674223398729869974,dust,3,630786480
degraded/night/s1/images/006.jpg,degraded/night/s1/labels/006.png,006,2023-01-20_aying_mangfall_2__0423_1674223398729869974,night,1,1028562166
degraded/night/s2/images/006.jpg,degraded/night/s2/labels/006.png,006,2023-01-20_aying_mangfall_2__0423_1674223398729869974,night,2,1531595206
degraded/night/s3/images/006.jpg,degraded/night/s3/labels/006.png,006,2023-01-20_aying_mangfall_2__0423_1674223398729869974,night,3,2034891478
degraded/fog/s1/images/006.jpg,degraded/fog/s1/labels/006.png,006,2023-01-20_aying_mangfall_2__0423_1674223398729869974,fog,1,1170785825
degraded/fog/s2/images/006.jpg,degraded/fog/s2/labels/006.png,006,2023-01-20_aying_mangfall_2__0423_1674223398729869974,fog,2,600576785
degraded/fog/s3/images/006.jpg,degraded/fog/s3/labels/006.png,006,2023-01-20_aying_mangfall_2__0423_1674223398729869974,fog,3,30384129
degraded/lens_rain/s1/images/006.jpg,degraded/lens_rain/s1/labels/006.png,006,2023-01-20_aying_mangfall_2__0423_1674223398729869974,lens_rain,1,1647785951
degraded/lens_rain/s2/images/006.jpg,degraded/lens_rain/s2/labels/006.png,006,2023-01-20_aying_mangfall_2__0423_1674223398729869974,lens_rain,2,70509295
degraded/lens_rain/s3/images/006.jpg,degraded/lens_rain/s3/labels/006.png,006,2023-01-20_aying_mangfall_2__0423_1674223398729869974,lens_rain,3,640700927
degraded/mud_splatter/s1/images/006.jpg,degraded/mud_splatter/s1/labels/006.png,006,2023-01-20_aying_mangfall_2__0423_1674223398729869974,mud_splatter,1,2046157179
degraded/mud_splatter/s2/images/006.jpg,degraded/mud_splatter/s2/labels/006.png,006,2023-01-20_aying_mangfall_2__0423_1674223398729869974,mud_splatter,2,535901259
degraded/mud_splatter/s3/images/006.jpg,degraded/mud_splatter/s3/labels/006.png,006,2023-01-20_aying_mangfall_2__0423_1674223398729869974,mud_splatter,3,1039304539
clean/images/007.jpg,clean/labels/007.png,007,2023-01-20_aying_mangfall_2__0568_1674224069762917222,clean,0,
degraded/dust/s1/images/007.jpg,degraded/dust/s1/labels/007.png,007,2023-01-20_aying_mangfall_2__0568_1674224069762917222,dust,1,165169814
degraded/dust/s2/images/007.jpg,degraded/dust/s2/labels/007.png,007,2023-01-20_aying_mangfall_2__0568_1674224069762917222,dust,2,1876729766
degraded/dust/s3/images/007.jpg,degraded/dust/s3/labels/007.png,007,2023-01-20_aying_mangfall_2__0568_1674224069762917222,dust,3,1306471606
degraded/night/s1/images/007.jpg,degraded/night/s1/labels/007.png,007,2023-01-20_aying_mangfall_2__0568_1674224069762917222,night,1,1426635248
degraded/night/s2/images/007.jpg,degraded/night/s2/labels/007.png,007,2023-01-20_aying_mangfall_2__0568_1674224069762917222,night,2,856452288
degraded/night/s3/images/007.jpg,degraded/night/s3/labels/007.png,007,2023-01-20_aying_mangfall_2__0568_1674224069762917222,night,3,286253008
degraded/fog/s1/images/007.jpg,degraded/fog/s1/labels/007.png,007,2023-01-20_aying_mangfall_2__0568_1674224069762917222,fog,1,764338983
degraded/fog/s2/images/007.jpg,degraded/fog/s2/labels/007.png,007,2023-01-20_aying_mangfall_2__0568_1674224069762917222,fog,2,1267349015
degraded/fog/s3/images/007.jpg,degraded/fog/s3/labels/007.png,007,2023-01-20_aying_mangfall_2__0568_1674224069762917222,fog,3,1770620167
degraded/lens_rain/s1/images/007.jpg,degraded/lens_rain/s1/labels/007.png,007,2023-01-20_aying_mangfall_2__0568_1674224069762917222,lens_rain,1,175182553
degraded/lens_rain/s2/images/007.jpg,degraded/lens_rain/s2/labels/007.png,007,2023-01-20_aying_mangfall_2__0568_1674224069762917222,lens_rain,2,1819658217
degraded/lens_rain/s3/images/007.jpg,degraded/lens_rain/s3/labels/007.png,007,2023-01-20_aying_mangfall_2__0568_1674224069762917222,lens_rain,3,1316386041
degraded/mud_splatter/s1/images/007.jpg,degraded/mud_splatter/s1/labels/007.png,007,2023-01-20_aying_mangfall_2__0568_1674224069762917222,mud_splatter,1,296993917
degraded/mud_splatter/s2/images/007.jpg,degraded/mud_splatter/s2/labels/007.png,007,2023-01-20_aying_mangfall_2__0568_1674224069762917222,mud_splatter,2,2008486221
degraded/mud_splatter/s3/images/007.jpg,degraded/mud_splatter/s3/labels/007.png,007,2023-01-20_aying_mangfall_2__0568_1674224069762917222,mud_splatter,3,1437901405
clean/images/008.jpg,clean/labels/008.png,008,2023-03-03_garching_2__0174_1677850794003580397,clean,0,
degraded/dust/s1/images/008.jpg,degraded/dust/s1/labels/008.png,008,2023-03-03_garching_2__0174_1677850794003580397,dust,1,3785485680
degraded/dust/s2/images/008.jpg,degraded/dust/s2/labels/008.png,008,2023-03-03_garching_2__0174_1677850794003580397,dust,2,2872613380
degraded/dust/s3/images/008.jpg,degraded/dust/s3/labels/008.png,008,2023-03-03_garching_2__0174_1677850794003580397,dust,3,610317591
degraded/night/s1/images/008.jpg,degraded/night/s1/labels/008.png,008,2023-03-03_garching_2__0174_1677850794003580397,night,1,1028842764
degraded/night/s2/images/008.jpg,degraded/night/s2/labels/008.png,008,2023-03-03_garching_2__0174_1677850794003580397,night,2,2009830008
degraded/night/s3/images/008.jpg,degraded/night/s3/labels/008.png,008,2023-03-03_garching_2__0174_1677850794003580397,night,3,4170431851
degraded/fog/s1/images/008.jpg,degraded/fog/s1/labels/008.png,008,2023-03-03_garching_2__0174_1677850794003580397,fog,1,1729369475
degraded/fog/s2/images/008.jpg,degraded/fog/s2/labels/008.png,008,2023-03-03_garching_2__0174_1677850794003580397,fog,2,764240631
degraded/fog/s3/images/008.jpg,degraded/fog/s3/labels/008.png,008,2023-03-03_garching_2__0174_1677850794003580397,fog,3,2731888100
degraded/lens_rain/s1/images/008.jpg,degraded/lens_rain/s1/labels/008.png,008,2023-03-03_garching_2__0174_1677850794003580397,lens_rain,1,1936524598
degraded/lens_rain/s2/images/008.jpg,degraded/lens_rain/s2/labels/008.png,008,2023-03-03_garching_2__0174_1677850794003580397,lens_rain,2,972321346
degraded/lens_rain/s3/images/008.jpg,degraded/lens_rain/s3/labels/008.png,008,2023-03-03_garching_2__0174_1677850794003580397,lens_rain,3,3064749393
degraded/mud_splatter/s1/images/008.jpg,degraded/mud_splatter/s1/labels/008.png,008,2023-03-03_garching_2__0174_1677850794003580397,mud_splatter,1,628832714
degraded/mud_splatter/s2/images/008.jpg,degraded/mud_splatter/s2/labels/008.png,008,2023-03-03_garching_2__0174_1677850794003580397,mud_splatter,2,1877102270
degraded/mud_splatter/s3/images/008.jpg,degraded/mud_splatter/s3/labels/008.png,008,2023-03-03_garching_2__0174_1677850794003580397,mud_splatter,3,3770311085
clean/images/009.jpg,clean/labels/009.png,009,2023-05-17_neubiberg_sunny__0411_1684329853480315034,clean,0,
degraded/dust/s1/images/009.jpg,degraded/dust/s1/labels/009.png,009,2023-05-17_neubiberg_sunny__0411_1684329853480315034,dust,1,468567109
degraded/dust/s2/images/009.jpg,degraded/dust/s2/labels/009.png,009,2023-05-17_neubiberg_sunny__0411_1684329853480315034,dust,2,419643039
degraded/dust/s3/images/009.jpg,degraded/dust/s3/labels/009.png,009,2023-05-17_neubiberg_sunny__0411_1684329853480315034,dust,3,413570857
degraded/night/s1/images/009.jpg,degraded/night/s1/labels/009.png,009,2023-05-17_neubiberg_sunny__0411_1684329853480315034,night,1,2020910846
degraded/night/s2/images/009.jpg,degraded/night/s2/labels/009.png,009,2023-05-17_neubiberg_sunny__0411_1684329853480315034,night,2,2056936484
degraded/night/s3/images/009.jpg,degraded/night/s3/labels/009.png,009,2023-05-17_neubiberg_sunny__0411_1684329853480315034,night,3,2067789202
degraded/fog/s1/images/009.jpg,degraded/fog/s1/labels/009.png,009,2023-05-17_neubiberg_sunny__0411_1684329853480315034,fog,1,4192719798
degraded/fog/s2/images/009.jpg,degraded/fog/s2/labels/009.png,009,2023-05-17_neubiberg_sunny__0411_1684329853480315034,fog,2,4211681644
degraded/fog/s3/images/009.jpg,degraded/fog/s3/labels/009.png,009,2023-05-17_neubiberg_sunny__0411_1684329853480315034,fog,3,4205609178
degraded/lens_rain/s1/images/009.jpg,degraded/lens_rain/s1/labels/009.png,009,2023-05-17_neubiberg_sunny__0411_1684329853480315034,lens_rain,1,72845255
degraded/lens_rain/s2/images/009.jpg,degraded/lens_rain/s2/labels/009.png,009,2023-05-17_neubiberg_sunny__0411_1684329853480315034,lens_rain,2,112819485
degraded/lens_rain/s3/images/009.jpg,degraded/lens_rain/s3/labels/009.png,009,2023-05-17_neubiberg_sunny__0411_1684329853480315034,lens_rain,3,119329963
degraded/mud_splatter/s1/images/009.jpg,degraded/mud_splatter/s1/labels/009.png,009,2023-05-17_neubiberg_sunny__0411_1684329853480315034,mud_splatter,1,3341047954
degraded/mud_splatter/s2/images/009.jpg,degraded/mud_splatter/s2/labels/009.png,009,2023-05-17_neubiberg_sunny__0411_1684329853480315034,mud_splatter,2,3318391368
degraded/mud_splatter/s3/images/009.jpg,degraded/mud_splatter/s3/labels/009.png,009,2023-05-17_neubiberg_sunny__0411_1684329853480315034,mud_splatter,3,3295611902
real_rain/images/000.jpg,real_rain/labels/000.png,r000,2023-05-15_neubiberg_rain__0624_1684157852529822670,real_rain,0,
real_rain/images/001.jpg,real_rain/labels/001.png,r001,2023-05-15_neubiberg_rain__0638_1684157903410038732,real_rain,0,
real_rain/images/002.jpg,real_rain/labels/002.png,r002,2023-05-15_neubiberg_rain__0655_1684157936465945810,real_rain,0,
real_rain/images/003.jpg,real_rain/labels/003.png,r003,2023-05-15_neubiberg_rain__0670_1684158087446230427,real_rain,0,
real_rain/images/004.jpg,real_rain/labels/004.png,r004,2023-05-15_neubiberg_rain__0683_1684158181121304830,real_rain,0,
